{"stat.walkOneCm":22348,"stat.leaveGame":1,"stat.pickup.minecraft.crafting_table":1,"stat.craftItem.minecraft.crafting_table":1,"stat.furnaceInteraction":25,"stat.craftItem.minecraft.coal":5,"stat.pickup.minecraft.log":12,"stat.jump":221,"stat.swimOneCm":311,"stat.fallOneCm":8031,"stat.pickup.minecraft.beef":30,"stat.crouchOneCm":860,"stat.pickup.minecraft.sapling":1,"stat.pickup.minecraft.dirt":6,"stat.useItem.minecraft.dirt":6,"stat.sprintOneCm":43263,"stat.craftItem.minecraft.stick":8,"stat.craftItem.minecraft.wooden_axe":1,"stat.craftingTableInteraction":5,"stat.craftItem.minecraft.furnace":2,"stat.useItem.minecraft.sapling":1,"stat.craftItem.minecraft.planks":20,"stat.craftItem.minecraft.stone_axe":1,"stat.mineBlock.minecraft.crafting_table":1,"stat.pickup.minecraft.leather":13,"stat.damageTaken":20,"stat.craftItem.minecraft.stone_pickaxe":1,"stat.useItem.minecraft.wooden_pickaxe":60,"stat.useItem.minecraft.furnace":2,"stat.craftItem.minecraft.cooked_beef":30,"stat.mobKills":21,"stat.pickup.minecraft.cobblestone":87,"stat.mineBlock.minecraft.log":12,"stat.flyOneCm":42048,"stat.playOneMinute":20938,"stat.killEntity.Sheep":6,"stat.useItem.minecraft.stone_pickaxe":30,"stat.useItem.minecraft.cooked_beef":2,"stat.sneakTime":251,"stat.pickup.minecraft.wool":6,"stat.damageDealt":1980,"stat.timeSinceDeath":20938,"stat.useItem.minecraft.wooden_axe":29,"stat.killEntity.Cow":15,"stat.useItem.minecraft.crafting_table":2,"stat.mineBlock.minecraft.dirt":6,"stat.craftItem.minecraft.wooden_pickaxe":1,"stat.mineBlock.minecraft.stone":90,"stat.craftItem.minecraft.cooked_mutton":1,"stat.pickup.minecraft.mutton":6,"stat.diveOneCm":282,"stat.breakItem.minecraft.wooden_pickaxe":1}