{"stat.walkOneCm":7786,"stat.useItem.minecraft.sapling":1,"stat.craftItem.minecraft.planks":12,"stat.pickup.minecraft.crafting_table":1,"stat.mineBlock.minecraft.crafting_table":1,"stat.pickup.minecraft.leather":13,"stat.damageTaken":20,"stat.craftItem.minecraft.crafting_table":1,"stat.mobKills":18,"stat.mineBlock.minecraft.log":12,"stat.pickup.minecraft.log":12,"stat.flyOneCm":36277,"stat.jump":170,"stat.swimOneCm":311,"stat.playOneMinute":5221,"stat.fallOneCm":7822,"stat.pickup.minecraft.beef":30,"stat.killEntity.Sheep":3,"stat.sneakTime":53,"stat.pickup.minecraft.wool":3,"stat.damageDealt":1740,"stat.crouchOneCm":3,"stat.timeSinceDeath":5221,"stat.useItem.minecraft.wooden_axe":26,"stat.pickup.minecraft.sapling":1,"stat.killEntity.Cow":15,"stat.pickup.minecraft.dirt":2,"stat.useItem.minecraft.dirt":2,"stat.sprintOneCm":32253,"stat.useItem.minecraft.crafting_table":1,"stat.mineBlock.minecraft.dirt":2,"stat.craftItem.minecraft.wooden_pickaxe":1,"stat.pickup.minecraft.mutton":3,"stat.diveOneCm":282,"stat.craftItem.minecraft.stick":4,"stat.craftItem.minecraft.wooden_axe":1,"stat.craftingTableInteraction":1}