{"stat.drop.minecraft.stone_pickaxe":1,"stat.leaveGame":3,"stat.mineBlock.minecraft.pumpkin":3,"stat.mineBlock.minecraft.cobblestone":55,"stat.pickup.minecraft.stone_pickaxe":5,"stat.pickup.minecraft.flint":1,"stat.craftItem.minecraft.iron_axe":1,"stat.swimOneCm":5344,"stat.craftItem.minecraft.shield":2,"stat.drop.minecraft.cobblestone":14,"stat.useItem.minecraft.obsidian":11,"stat.useItem.minecraft.dirt":7,"stat.useItem.minecraft.water_bucket":13,"stat.pickup.minecraft.rotten_flesh":2,"stat.craftItem.minecraft.furnace":1,"stat.craftItem.minecraft.stone_axe":1,"stat.craftItem.minecraft.stone_pickaxe":2,"stat.craftItem.minecraft.cooked_beef":14,"stat.mineBlock.minecraft.obsidian":11,"stat.pickup.minecraft.cobblestone":299,"stat.useItem.minecraft.stone_shovel":2,"stat.craftItem.minecraft.stone_sword":1,"stat.flyOneCm":174462,"stat.useItem.minecraft.cooked_beef":7,"stat.mineBlock.minecraft.iron_ore":19,"stat.timeSinceDeath":44591,"stat.useItem.minecraft.iron_pickaxe":100,"stat.craftItem.minecraft.wooden_pickaxe":1,"stat.pickup.minecraft.mutton":2,"stat.furnaceInteraction":60,"stat.drop.minecraft.flint_and_steel":1,"stat.mineBlock.minecraft.coal_ore":57,"stat.drop.minecraft.red_flower":1,"stat.craftItem.minecraft.golden_helmet":1,"stat.pickup.minecraft.beef":15,"stat.pickup.minecraft.furnace":6,"stat.useItem.minecraft.cooked_mutton":6,"stat.sprintOneCm":113857,"stat.pickup.minecraft.iron_chestplate":1,"stat.craftItem.minecraft.stick":28,"stat.mineBlock.minecraft.crafting_table":3,"stat.useItem.minecraft.diamond_pickaxe":19,"stat.pickup.minecraft.emerald":1,"stat.useItem.minecraft.bucket":13,"stat.deaths":1,"stat.drop":21,"stat.playOneMinute":69723,"stat.killEntity.Sheep":1,"stat.craftItem.minecraft.iron_pickaxe":2,"stat.craftItem.minecraft.diamond_pickaxe":1,"stat.killEntity.Zombie":3,"stat.mineBlock.minecraft.gold_ore":11,"stat.mineBlock.minecraft.tallgrass":2,"stat.craftItem.minecraft.cooked_mutton":7,"stat.diveOneCm":5956,"stat.pickup.minecraft.cooked_mutton":13,"stat.chestOpened":11,"stat.pickup.minecraft.pumpkin":3,"stat.useItem.minecraft.stone":22,"stat.pickup.minecraft.gravel":1,"stat.pickup.minecraft.obsidian":11,"stat.drop.minecraft.iron_pickaxe":1,"stat.jump":1207,"stat.pickup.minecraft.coal":151,"stat.fallOneCm":33816,"stat.pickup.minecraft.iron_ingot":3,"stat.useItem.minecraft.stone_axe":2,"stat.crouchOneCm":59527,"stat.craftItem.minecraft.torch":4,"stat.craftItem.minecraft.iron_ingot":30,"stat.craftItem.minecraft.chest":1,"stat.pickup.minecraft.dirt":22,"stat.craftItem.minecraft.iron_helmet":1,"stat.craftingTableInteraction":22,"stat.pickup.minecraft.iron_ore":25,"stat.pickup.minecraft.gold_ore":11,"stat.craftItem.minecraft.flint_and_steel":1,"stat.mineBlock.minecraft.leaves2":1,"stat.mineBlock.minecraft.log2":3,"stat.damageTaken":1116,"stat.pickup.minecraft.leather":8,"stat.pickup.minecraft.feather":2,"stat.mineBlock.minecraft.red_flower":1,"stat.mineBlock.minecraft.furnace":5,"stat.useItem.minecraft.wooden_pickaxe":59,"stat.useItem.minecraft.furnace":5,"stat.pickup.minecraft.log2":29,"stat.pickup.minecraft.reeds":9,"stat.pickup.minecraft.iron_leggings":1,"stat.mineBlock.minecraft.gravel":2,"stat.useItem.minecraft.stone_pickaxe":272,"stat.useItem.minecraft.stone_sword":63,"stat.damageDealt":2234,"stat.killEntity.Silverfish":8,"stat.killEntity.Cow":7,"stat.useItem.minecraft.crafting_table":3,"stat.mineBlock.minecraft.dirt":9,"stat.craftItem.minecraft.iron_sword":1,"stat.drop.minecraft.iron_axe":1,"stat.craftItem.minecraft.stone_shovel":1,"stat.walkOneCm":135282,"stat.useItem.minecraft.chest":1,"stat.pickup.minecraft.crafting_table":3,"stat.useItem.minecraft.cobblestone":50,"stat.craftItem.minecraft.crafting_table":1,"stat.breakItem.minecraft.stone_pickaxe":2,"stat.mineBlock.minecraft.emerald_ore":1,"stat.pickup.minecraft.log":4,"stat.drop.minecraft.iron_chestplate":1,"stat.craftItem.minecraft.gold_ingot":11,"stat.pickup.minecraft.stone":24,"stat.craftItem.minecraft.iron_chestplate":1,"stat.pickup.minecraft.chicken":3,"stat.pickup.minecraft.sapling":1,"stat.pickup.minecraft.cooked_beef":12,"stat.craftItem.minecraft.bucket":1,"stat.craftItem.minecraft.planks":68,"stat.killEntity.Chicken":2,"stat.killEntity.Spider":1,"stat.pickup.minecraft.stone_sword":1,"stat.mobKills":22,"stat.mineBlock.minecraft.log":4,"stat.pickup.minecraft.water_bucket":1,"stat.mineBlock.minecraft.leaves":1,"stat.craftItem.minecraft.golden_boots":1,"stat.pickup.minecraft.red_flower":1,"stat.sneakTime":16464,"stat.pickup.minecraft.wool":1,"stat.drop.minecraft.bucket":1,"stat.pickup.minecraft.yellow_flower":1,"stat.mineBlock.minecraft.stone":288,"stat.breakItem.minecraft.wooden_pickaxe":1}