{"stat.pickup.minecraft.bone":10,"stat.useItem.minecraft.stone":14,"stat.useItem.minecraft.iron_axe":54,"stat.pickup.minecraft.gravel":6,"stat.leaveGame":1,"stat.pickup.minecraft.arrow":9,"stat.mineBlock.minecraft.cobblestone":14,"stat.pickup.minecraft.flint":2,"stat.craftItem.minecraft.iron_axe":1,"stat.useItem.minecraft.apple":1,"stat.useItem.minecraft.rotten_flesh":1,"stat.swimOneCm":18666,"stat.jump":1273,"stat.pickup.minecraft.coal":182,"stat.fallOneCm":26504,"stat.craftItem.minecraft.shield":1,"stat.useItem.minecraft.stone_axe":71,"stat.pickup.minecraft.porkchop":2,"stat.pickup.minecraft.gunpowder":4,"stat.crouchOneCm":2893,"stat.craftItem.minecraft.iron_ingot":49,"stat.pickup.minecraft.dirt":29,"stat.useItem.minecraft.dirt":29,"stat.craftItem.minecraft.iron_helmet":1,"stat.useItem.minecraft.water_bucket":8,"stat.craftingTableInteraction":21,"stat.pickup.minecraft.iron_ore":114,"stat.pickup.minecraft.rotten_flesh":11,"stat.craftItem.minecraft.furnace":2,"stat.craftItem.minecraft.flint_and_steel":1,"stat.craftItem.minecraft.stone_axe":1,"stat.craftItem.minecraft.iron_boots":1,"stat.pickup.minecraft.leather":27,"stat.damageTaken":725,"stat.craftItem.minecraft.stone_pickaxe":2,"stat.mineBlock.minecraft.furnace":6,"stat.useItem.minecraft.wooden_pickaxe":60,"stat.useItem.minecraft.furnace":6,"stat.killEntity.Enderman":1,"stat.pickup.minecraft.cobblestone":119,"stat.pickup.minecraft.planks":1,"stat.flyOneCm":192715,"stat.mineBlock.minecraft.gravel":10,"stat.useItem.minecraft.stone_pickaxe":238,"stat.breakItem.minecraft.stone_axe":1,"stat.craftItem.minecraft.iron_leggings":1,"stat.damageDealt":8560,"stat.mineBlock.minecraft.iron_ore":93,"stat.sleepInBed":1,"stat.timeSinceDeath":67542,"stat.killEntity.Cow":26,"stat.useItem.minecraft.crafting_table":8,"stat.mineBlock.minecraft.dirt":27,"stat.useItem.minecraft.iron_pickaxe":6,"stat.craftItem.minecraft.wooden_pickaxe":1,"stat.pickup.minecraft.mutton":39,"stat.walkOneCm":65795,"stat.craftItem.minecraft.bed":1,"stat.pickup.minecraft.crafting_table":8,"stat.useItem.minecraft.cobblestone":88,"stat.furnaceInteraction":54,"stat.craftItem.minecraft.crafting_table":1,"stat.useItem.minecraft.gravel":1,"stat.useItem.minecraft.lava_bucket":9,"stat.mineBlock.minecraft.coal_ore":64,"stat.breakItem.minecraft.stone_pickaxe":1,"stat.craftItem.minecraft.boat":1,"stat.killEntity.Creeper":3,"stat.pickup.minecraft.log":9,"stat.pickup.minecraft.string":2,"stat.pickup.minecraft.beef":56,"stat.pickup.minecraft.furnace":6,"stat.useItem.minecraft.cooked_mutton":15,"stat.drop.minecraft.iron_ore":21,"stat.pickup.minecraft.stone":14,"stat.craftItem.minecraft.iron_chestplate":1,"stat.pickup.minecraft.sapling":2,"stat.sprintOneCm":297383,"stat.pickup.minecraft.apple":1,"stat.craftItem.minecraft.stick":16,"stat.craftItem.minecraft.wooden_axe":1,"stat.killEntity.Skeleton":8,"stat.craftItem.minecraft.bucket":1,"stat.useItem.minecraft.bed":1,"stat.craftItem.minecraft.planks":36,"stat.useItem.minecraft.flint_and_steel":6,"stat.mineBlock.minecraft.crafting_table":8,"stat.killEntity.Spider":2,"stat.mobKills":65,"stat.mineBlock.minecraft.log":11,"stat.useItem.minecraft.bucket":19,"stat.drop":1,"stat.mineBlock.minecraft.leaves":2,"stat.playOneMinute":67542,"stat.killEntity.Sheep":15,"stat.pickup.minecraft.red_flower":1,"stat.craftItem.minecraft.iron_pickaxe":1,"stat.sneakTime":1081,"stat.pickup.minecraft.wool":16,"stat.killEntity.Zombie":10,"stat.useItem.minecraft.wooden_axe":3,"stat.mineBlock.minecraft.stone":122,"stat.craftItem.minecraft.cooked_mutton":24,"stat.mineBlock.minecraft.tallgrass":1,"stat.diveOneCm":9246,"stat.breakItem.minecraft.wooden_pickaxe":1,"stat.pickup.minecraft.cooked_mutton":1}