{"stat.pickup.minecraft.bone":1,"stat.useItem.minecraft.stone":16,"stat.useItem.minecraft.iron_axe":27,"stat.drop.minecraft.wooden_pickaxe":1,"stat.leaveGame":2,"stat.pickup.minecraft.gravel":3,"stat.pickup.minecraft.arrow":4,"stat.craftItem.minecraft.cooked_porkchop":1,"stat.craftItem.minecraft.iron_axe":1,"stat.useItem.minecraft.porkchop":3,"stat.jump":2647,"stat.swimOneCm":9641,"stat.pickup.minecraft.coal":152,"stat.pickup.minecraft.iron_helmet":1,"stat.fallOneCm":97982,"stat.craftItem.minecraft.shield":1,"stat.pickup.minecraft.iron_ingot":1,"stat.drop.minecraft.stone":3,"stat.pickup.minecraft.glowstone_dust":1,"stat.useItem.minecraft.stone_axe":65,"stat.pickup.minecraft.porkchop":18,"stat.crouchOneCm":6793,"stat.craftItem.minecraft.iron_ingot":28,"stat.craftItem.minecraft.torch":8,"stat.pickup.minecraft.dirt":14,"stat.useItem.minecraft.dirt":12,"stat.craftItem.minecraft.iron_helmet":1,"stat.craftingTableInteraction":14,"stat.pickup.minecraft.iron_ore":28,"stat.useItem.minecraft.red_flower":1,"stat.craftItem.minecraft.furnace":2,"stat.pickup.minecraft.iron_axe":1,"stat.craftItem.minecraft.stone_axe":1,"stat.mineBlock.minecraft.leaves2":5,"stat.drop.minecraft.double_plant":1,"stat.damageTaken":1157,"stat.pickup.minecraft.leather":44,"stat.drop.minecraft.bone":1,"stat.craftItem.minecraft.stone_pickaxe":1,"stat.mineBlock.minecraft.red_flower":2,"stat.mineBlock.minecraft.furnace":5,"stat.useItem.minecraft.wooden_pickaxe":31,"stat.useItem.minecraft.furnace":5,"stat.craftItem.minecraft.cooked_beef":24,"stat.killEntity.Enderman":1,"stat.pickup.minecraft.cobblestone":92,"stat.pickup.minecraft.planks":3,"stat.pickup.minecraft.iron_leggings":1,"stat.flyOneCm":576598,"stat.pickup.minecraft.bed":2,"stat.pickup.minecraft.wheat_seeds":3,"stat.killEntity.Witch":1,"stat.drop.minecraft.wheat_seeds":3,"stat.useItem.minecraft.stone_pickaxe":131,"stat.useItem.minecraft.cooked_beef":16,"stat.craftItem.minecraft.iron_leggings":1,"stat.damageDealt":5665,"stat.pickup.minecraft.redstone":1,"stat.useItem.minecraft.wool":4,"stat.mineBlock.minecraft.iron_ore":7,"stat.sleepInBed":1,"stat.timeSinceDeath":9461,"stat.killEntity.Cow":17,"stat.mineBlock.minecraft.dirt":12,"stat.useItem.minecraft.crafting_table":3,"stat.useItem.minecraft.iron_pickaxe":2,"stat.craftItem.minecraft.wooden_pickaxe":1,"stat.killEntity.Pig":6,"stat.pickup.minecraft.mutton":42,"stat.pickup.minecraft.double_plant":1,"stat.walkOneCm":120249,"stat.craftItem.minecraft.bed":2,"stat.useItem.minecraft.torch":1,"stat.drop.minecraft.porkchop":2,"stat.pickup.minecraft.crafting_table":2,"stat.useItem.minecraft.cobblestone":48,"stat.craftItem.minecraft.crafting_table":1,"stat.furnaceInteraction":45,"stat.useItem.minecraft.gravel":1,"stat.useItem.minecraft.cooked_porkchop":1,"stat.mineBlock.minecraft.coal_ore":50,"stat.drop.minecraft.wool":1,"stat.breakItem.minecraft.stone_pickaxe":1,"stat.pickup.minecraft.shield":1,"stat.drop.minecraft.red_flower":5,"stat.pickup.minecraft.log":8,"stat.pickup.minecraft.string":1,"stat.pickup.minecraft.beef":56,"stat.pickup.minecraft.iron_pickaxe":1,"stat.pickup.minecraft.furnace":7,"stat.pickup.minecraft.stone":19,"stat.drop.minecraft.sapling":8,"stat.craftItem.minecraft.iron_chestplate":1,"stat.pickup.minecraft.sapling":8,"stat.pickup.minecraft.ender_pearl":1,"stat.sprintOneCm":265797,"stat.pickup.minecraft.iron_chestplate":1,"stat.pickup.minecraft.apple":2,"stat.pickup.minecraft.cooked_beef":18,"stat.craftItem.minecraft.stick":12,"stat.killEntity.Skeleton":3,"stat.craftItem.minecraft.planks":28,"stat.killEntity.Spider":1,"stat.mineBlock.minecraft.crafting_table":2,"stat.mobKills":48,"stat.mineBlock.minecraft.log":5,"stat.useItem.minecraft.beef":1,"stat.deaths":1,"stat.drop":18,"stat.mineBlock.minecraft.leaves":14,"stat.playOneMinute":70395,"stat.drop.minecraft.string":1,"stat.pickup.minecraft.torch":7,"stat.killEntity.Sheep":18,"stat.pickup.minecraft.red_flower":6,"stat.sneakTime":2857,"stat.craftItem.minecraft.iron_pickaxe":1,"stat.pickup.minecraft.wool":23,"stat.drop.minecraft.stone_axe":1,"stat.mineBlock.minecraft.stone":92,"stat.mineBlock.minecraft.tallgrass":2,"stat.craftItem.minecraft.cooked_mutton":3,"stat.diveOneCm":15280,"stat.pickup.minecraft.cooked_mutton":3}