{"stat.drop.minecraft.stone_pickaxe":4,"stat.chestOpened":19,"stat.pickup.minecraft.pumpkin":7,"stat.drop.minecraft.pumpkin":7,"stat.pickup.minecraft.bone":4,"stat.useItem.minecraft.stone":1,"stat.useItem.minecraft.iron_axe":60,"stat.pickup.minecraft.gravel":6,"stat.leaveGame":1,"stat.pickup.minecraft.arrow":6,"stat.mineBlock.minecraft.cobblestone":55,"stat.pickup.minecraft.stone_pickaxe":2,"stat.pickup.minecraft.stone_axe":2,"stat.mineBlock.minecraft.yellow_flower":1,"stat.craftItem.minecraft.wool":3,"stat.swimOneCm":32894,"stat.jump":1094,"stat.pickup.minecraft.coal":97,"stat.fallOneCm":19328,"stat.drop.minecraft.stone":28,"stat.drop.minecraft.cobblestone":1,"stat.useItem.minecraft.stone_axe":187,"stat.drop.minecraft.stone_sword":1,"stat.crouchOneCm":26785,"stat.pickup.minecraft.spider_eye":2,"stat.craftItem.minecraft.torch":88,"stat.craftItem.minecraft.iron_ingot":38,"stat.pickup.minecraft.dirt":32,"stat.craftItem.minecraft.iron_helmet":1,"stat.useItem.minecraft.water_bucket":15,"stat.craftingTableInteraction":13,"stat.pickup.minecraft.iron_ore":51,"stat.pickup.minecraft.rotten_flesh":13,"stat.craftItem.minecraft.furnace":1,"stat.pickup.minecraft.gold_ore":1,"stat.pickup.minecraft.iron_axe":1,"stat.useItem.minecraft.egg":2,"stat.craftItem.minecraft.stone_axe":2,"stat.mineBlock.minecraft.leaves2":6,"stat.craftItem.minecraft.iron_boots":1,"stat.mineBlock.minecraft.log2":55,"stat.damageTaken":1260,"stat.pickup.minecraft.feather":17,"stat.pickup.minecraft.leather":23,"stat.drop.minecraft.iron_leggings":1,"stat.pickup.minecraft.bucket":1,"stat.craftItem.minecraft.stone_pickaxe":6,"stat.mineBlock.minecraft.furnace":1,"stat.mineBlock.minecraft.torch":5,"stat.useItem.minecraft.furnace":3,"stat.craftItem.minecraft.cooked_beef":11,"stat.drop.minecraft.water_bucket":1,"stat.pickup.minecraft.cobblestone":488,"stat.pickup.minecraft.log2":55,"stat.pickup.minecraft.planks":13,"stat.flyOneCm":118648,"stat.pickup.minecraft.wheat_seeds":5,"stat.drop.minecraft.wheat_seeds":5,"stat.mineBlock.minecraft.gravel":6,"stat.useItem.minecraft.stone_pickaxe":554,"stat.breakItem.minecraft.stone_axe":2,"stat.useItem.minecraft.cooked_beef":11,"stat.craftItem.minecraft.iron_leggings":1,"stat.damageDealt":7316,"stat.useItem.minecraft.wool":3,"stat.mineBlock.minecraft.iron_ore":51,"stat.timeSinceDeath":71420,"stat.killEntity.Silverfish":9,"stat.killEntity.Cow":10,"stat.mineBlock.minecraft.dirt":17,"stat.useItem.minecraft.crafting_table":5,"stat.useItem.minecraft.iron_pickaxe":101,"stat.pickup.minecraft.mutton":12,"stat.drop.minecraft.cooked_mutton":6,"stat.mineBlock.minecraft.monster_egg":4,"stat.pickup.minecraft.flint_and_steel":1,"stat.walkOneCm":226896,"stat.useItem.minecraft.torch":47,"stat.useItem.minecraft.bread":1,"stat.pickup.minecraft.stick":6,"stat.pickup.minecraft.crafting_table":5,"stat.useItem.minecraft.cobblestone":158,"stat.furnaceInteraction":47,"stat.drop.minecraft.dirt":1,"stat.useItem.minecraft.gravel":3,"stat.mineBlock.minecraft.double_plant":1,"stat.killEntity.ZombieVillager":1,"stat.useItem.minecraft.lava_bucket":1,"stat.mineBlock.minecraft.coal_ore":63,"stat.breakItem.minecraft.stone_pickaxe":3,"stat.killEntity.Creeper":1,"stat.mineBlock.minecraft.emerald_ore":2,"stat.pickup.minecraft.log":6,"stat.pickup.minecraft.string":12,"stat.drop.minecraft.log2":26,"stat.pickup.minecraft.beef":22,"stat.pickup.minecraft.iron_pickaxe":1,"stat.pickup.minecraft.furnace":2,"stat.useItem.minecraft.cooked_mutton":5,"stat.drop.minecraft.iron_ore":6,"stat.drop.minecraft.iron_chestplate":1,"stat.pickup.minecraft.stone":29,"stat.craftItem.minecraft.iron_chestplate":1,"stat.pickup.minecraft.chicken":15,"stat.sprintOneCm":171115,"stat.pickup.minecraft.iron_chestplate":1,"stat.pickup.minecraft.cooked_beef":5,"stat.craftItem.minecraft.stick":32,"stat.killEntity.Skeleton":4,"stat.killEntity.Horse":1,"stat.craftItem.minecraft.planks":16,"stat.killEntity.Chicken":13,"stat.mineBlock.minecraft.diamond_ore":6,"stat.useItem.minecraft.flint_and_steel":1,"stat.mineBlock.minecraft.crafting_table":4,"stat.killEntity.Spider":11,"stat.pickup.minecraft.stone_sword":1,"stat.mineBlock.minecraft.quartz_ore":5,"stat.mobKills":63,"stat.pickup.minecraft.emerald":2,"stat.mineBlock.minecraft.log":6,"stat.useItem.minecraft.bucket":17,"stat.pickup.minecraft.quartz":5,"stat.craftItem.minecraft.cooked_chicken":15,"stat.drop":31,"stat.pickup.minecraft.diamond":6,"stat.mineBlock.minecraft.leaves":2,"stat.pickup.minecraft.egg":2,"stat.playOneMinute":71420,"stat.pickup.minecraft.torch":11,"stat.killEntity.Sheep":6,"stat.pickup.minecraft.red_flower":1,"stat.sneakTime":11086,"stat.pickup.minecraft.wool":7,"stat.killEntity.Zombie":7,"stat.drop.minecraft.yellow_flower":2,"stat.drop.minecraft.iron_ingot":3,"stat.pickup.minecraft.yellow_flower":2,"stat.mineBlock.minecraft.stone":447,"stat.mineBlock.minecraft.gold_ore":1,"stat.mineBlock.minecraft.tallgrass":24,"stat.diveOneCm":6140,"stat.pickup.minecraft.cooked_mutton":14}